labels,companies
0,Ellipsis
0,UMA USD
0,DEFI Pulse Index
0,Swipe
0,Bakery Token
0,Reserve Right
0,0x
0,Sushi Swap
0,Origin Protocol
0,Band Protocol
0,Synthetic
0,1inch Network
0,Injective Protocol
0,Compound
0,Ocean Protocol
0,Mdex
0,Yearn Finance
0,Alchemix
0,Orion Protocol
0,Numeraire
0,Chainlink
0,Uniswap
0,Augur
0,Reef
0,iExec RLC
0,Maker
0,The Graph
0,Pancake Swap
0,ThorChain
0,Alpha Finance
0,Aave
0,Serum
1,AnySwap
1,Rari Governance
1,Keep3rV1
1,Frax Share
1,Terra
1,Oasis Network
1,Avalanche
1,Fantom
1,Convex Finance
1,Loopring
1,Chromia
1,Secret
2,Strike
2,Fei USD
2,API3
2,Neutrino USD
3,Mobox
3,Chrono.tech
3,Request
3,Mango
3,Origin Dollar
3,inSure DeFi
3,Frax
3,IDEXUSD
3,Liquity USD
3,Circuit of Value
3,Telos
4,DAO maker
4,Badger DAO
4,Beefy Finance
4,Keep Network
4,PolkaStarter
4,Curve DAO
4,Tezos
4,COTI
4,Basic Attention
4,Nervos Network
4,Perpetual Protocol
4,renBTC
4,Gnosis
4,Rocket Pool
4,Kava
4,NXM
4,DefiChain
4,Wrapped Bitcoin
4,Raydium
